"국가",2015,2015,2015,2015,2015,2016,2016,2016,2016,2016,2017,2017,2017,2017,2017,2018
"국가",　고정광대역인터넷가입자수,보안 인터넷서버　,　정보통신기술상품(수출),　정보통신기술상품(수입),　정보통신기술서비스(수출),　고정광대역인터넷가입자수,보안 인터넷서버　,　정보통신기술상품(수출),　정보통신기술상품(수입),　정보통신기술서비스(수출),　고정광대역인터넷가입자수,보안 인터넷서버　,　정보통신기술상품(수출),　정보통신기술상품(수입),　정보통신기술서비스(수출),보안 인터넷서버　
"아프가니스탄",0.021 (per 100 people),2.150 (per 1 million people),-,0.165 (% total goods imports),9.834 (% of service exports BoP),0.025 (per 100 people),12.040 (per 1 million people),-,0.262 (% total goods imports),15.312 (% of service exports BoP),0.083 (per 100 people),43.448 (per 1 million people),-,-,16.426 (% of service exports BoP),52.862 (per 1 million people)
"알바니아",8.308 (per 100 people),68.386 (per 1 million people),0.793 (% of total goods exports),3.583 (% total goods imports),4.983 (% of service exports BoP),9.103 (per 100 people),144.640 (per 1 million people),0.272 (% of total goods exports),2.941 (% total goods imports),4.748 (% of service exports BoP),10.362 (per 100 people),443.020 (per 1 million people),0.030 (% of total goods exports),1.173 (% total goods imports),3.044 (% of service exports BoP),526.100 (per 1 million people)
"알제리",5.692 (per 100 people),3.826 (per 1 million people),0.002 (% of total goods exports),5.380 (% total goods imports),4.982 (% of service exports BoP),7.042 (per 100 people),7.620 (per 1 million people),0.021 (% of total goods exports),5.181 (% total goods imports),5.622 (% of service exports BoP),7.770 (per 100 people),63.326 (per 1 million people),0.029 (% of total goods exports),4.870 (% total goods imports),5.242 (% of service exports BoP),67.608 (per 1 million people)
"미국령사모아",-,17.917 (per 1 million people),-,-,-,-,179.401 (per 1 million people),-,-,-,-,988.853 (per 1 million people),-,-,-,450.735 (per 1 million people)
"안도라",39.344 (per 100 people),2025.355 (per 1 million people),-,-,-,42.041 (per 100 people),2833.228 (per 1 million people),-,-,-,44.545 (per 100 people),3415.540 (per 1 million people),-,-,-,5194.400 (per 1 million people)
"앙골라",0.551 (per 100 people),8.141 (per 1 million people),-,3.007 (% total goods imports),2.402 (% of service exports BoP),0.427 (per 100 people),8.321 (per 1 million people),-,-,3.047 (% of service exports BoP),0.325 (per 100 people),10.799 (per 1 million people),-,-,2.485 (% of service exports BoP),11.198 (per 1 million people)
"앤티가바부다",10.008 (per 100 people),694.697 (per 1 million people),11.782 (% of total goods exports),3.628 (% total goods imports),0.880 (% of service exports BoP),9.173 (per 100 people),804.003 (per 1 million people),0.811 (% of total goods exports),3.141 (% total goods imports),0.898 (% of service exports BoP),8.822 (per 100 people),890.743 (per 1 million people),0.958 (% of total goods exports),3.078 (% total goods imports),0.895 (% of service exports BoP),841.244 (per 1 million people)
"아르헨티나",15.790 (per 100 people),123.273 (per 1 million people),0.117 (% of total goods exports),9.399 (% total goods imports),11.151 (% of service exports BoP),16.473 (per 100 people),735.025 (per 1 million people),0.089 (% of total goods exports),8.479 (% total goods imports),11.141 (% of service exports BoP),17.715 (per 100 people),1628.591 (per 1 million people),0.115 (% of total goods exports),8.686 (% total goods imports),13.227 (% of service exports BoP),1872.591 (per 1 million people)
"아르메니아",9.816 (per 100 people),76.567 (per 1 million people),0.147 (% of total goods exports),3.190 (% total goods imports),8.632 (% of service exports BoP),10.229 (per 100 people),189.704 (per 1 million people),0.179 (% of total goods exports),4.895 (% total goods imports),10.752 (% of service exports BoP),10.760 (per 100 people),271.325 (per 1 million people),0.193 (% of total goods exports),4.128 (% total goods imports),11.011 (% of service exports BoP),335.053 (per 1 million people)
"아루바",18.210 (per 100 people),757.133 (per 1 million people),0.543 (% of total goods exports),5.735 (% total goods imports),1.193 (% of service exports BoP),-,1172.858 (per 1 million people),1.039 (% of total goods exports),4.918 (% total goods imports),1.072 (% of service exports BoP),-,977.545 (per 1 million people),1.186 (% of total goods exports),4.854 (% total goods imports),-,1152.629 (per 1 million people)
"오스트레일리아",28.690 (per 100 people),4574.111 (per 1 million people),1.404 (% of total goods exports),9.986 (% total goods imports),4.174 (% of service exports BoP),30.653 (per 100 people),9810.215 (per 1 million people),1.307 (% of total goods exports),9.997 (% total goods imports),4.229 (% of service exports BoP),32.400 (per 100 people),21544.794 (per 1 million people),1.105 (% of total goods exports),9.547 (% total goods imports),4.328 (% of service exports BoP),32890.840 (per 1 million people)
"오스트리아",28.294 (per 100 people),3081.908 (per 1 million people),4.116 (% of total goods exports),5.408 (% total goods imports),9.406 (% of service exports BoP),28.963 (per 100 people),4449.980 (per 1 million people),3.791 (% of total goods exports),5.401 (% total goods imports),9.916 (% of service exports BoP),28.747 (per 100 people),7431.715 (per 1 million people),3.483 (% of total goods exports),5.230 (% total goods imports),9.812 (% of service exports BoP),16692.707 (per 1 million people)
"아제르바이잔",19.750 (per 100 people),33.267 (per 1 million people),0.018 (% of total goods exports),2.842 (% total goods imports),1.954 (% of service exports BoP),18.546 (per 100 people),101.867 (per 1 million people),0.034 (% of total goods exports),2.731 (% total goods imports),1.667 (% of service exports BoP),18.369 (per 100 people),259.488 (per 1 million people),0.021 (% of total goods exports),3.747 (% total goods imports),1.414 (% of service exports BoP),329.299 (per 1 million people)
"바하마",20.944 (per 100 people),1002.122 (per 1 million people),1.399 (% of total goods exports),3.546 (% total goods imports),-,21.409 (per 100 people),1053.102 (per 1 million people),-,-,-,21.972 (per 100 people),1508.797 (per 1 million people),-,-,-,2357.121 (per 1 million people)
"바레인",18.445 (per 100 people),328.024 (per 1 million people),3.341 (% of total goods exports),4.603 (% total goods imports),6.424 (% of service exports BoP),16.293 (per 100 people),346.474 (per 1 million people),1.773 (% of total goods exports),4.806 (% total goods imports),5.497 (% of service exports BoP),14.313 (per 100 people),359.420 (per 1 million people),-,-,6.694 (% of service exports BoP),370.833 (per 1 million people)
"방글라데시",3.035 (per 100 people),2.010 (per 1 million people),0.049 (% of total goods exports),3.060 (% total goods imports),14.901 (% of service exports BoP),4.046 (per 100 people),23.618 (per 1 million people),-,-,17.607 (% of service exports BoP),4.433 (per 100 people),65.216 (per 1 million people),-,-,13.628 (% of service exports BoP),115.967 (per 1 million people)
"바베이도스",27.538 (per 100 people),574.785 (per 1 million people),1.562 (% of total goods exports),5.450 (% total goods imports),-,32.436 (per 100 people),643.816 (per 1 million people),1.547 (% of total goods exports),5.334 (% total goods imports),-,24.200 (per 100 people),768.605 (per 1 million people),0.659 (% of total goods exports),4.518 (% total goods imports),-,868.682 (per 1 million people)
"벨로루시",30.609 (per 100 people),107.591 (per 1 million people),0.524 (% of total goods exports),2.877 (% total goods imports),15.146 (% of service exports BoP),32.358 (per 100 people),438.982 (per 1 million people),0.616 (% of total goods exports),3.255 (% total goods imports),16.985 (% of service exports BoP),33.409 (per 100 people),2259.887 (per 1 million people),0.703 (% of total goods exports),3.268 (% total goods imports),18.565 (% of service exports BoP),3419.998 (per 1 million people)
"벨기에",36.508 (per 100 people),2038.460 (per 1 million people),2.078 (% of total goods exports),2.964 (% total goods imports),9.594 (% of service exports BoP),37.596 (per 100 people),3047.279 (per 1 million people),2.010 (% of total goods exports),3.004 (% total goods imports),9.687 (% of service exports BoP),38.313 (per 100 people),8300.544 (per 1 million people),1.911 (% of total goods exports),2.897 (% total goods imports),10.514 (% of service exports BoP),13979.342 (per 1 million people)
"벨리즈",4.837 (per 100 people),1141.486 (per 1 million people),0.040 (% of total goods exports),3.447 (% total goods imports),1.726 (% of service exports BoP),5.007 (per 100 people),1517.372 (per 1 million people),0.185 (% of total goods exports),4.964 (% total goods imports),4.981 (% of service exports BoP),5.419 (per 100 people),8002.257 (per 1 million people),0.076 (% of total goods exports),3.118 (% total goods imports),3.725 (% of service exports BoP),11595.762 (per 1 million people)
"베냉",0.693 (per 100 people),2.269 (per 1 million people),0.035 (% of total goods exports),1.672 (% total goods imports),8.522 (% of service exports BoP),0.205 (per 100 people),2.483 (per 1 million people),0.066 (% of total goods exports),1.238 (% total goods imports),8.047 (% of service exports BoP),0.258 (per 100 people),4.206 (per 1 million people),-,-,-,7.314 (per 1 million people)
"버뮤다",48.385 (per 100 people),8093.318 (per 1 million people),5.195 (% of total goods exports),3.209 (% total goods imports),5.719 (% of service exports BoP),36.969 (per 100 people),8132.600 (per 1 million people),1.954 (% of total goods exports),3.210 (% total goods imports),5.318 (% of service exports BoP),37.177 (per 100 people),7874.879 (per 1 million people),3.950 (% of total goods exports),3.597 (% total goods imports),4.847 (% of service exports BoP),8144.697 (per 1 million people)
"부탄",3.540 (per 100 people),19.234 (per 1 million people),-,-,0.316 (% of service exports BoP),2.067 (per 100 people),36.649 (per 1 million people),-,-,0.633 (% of service exports BoP),2.069 (per 100 people),118.031 (per 1 million people),-,-,0.255 (% of service exports BoP),177.626 (per 1 million people)
"볼리비아",1.687 (per 100 people),26.680 (per 1 million people),0.000 (% of total goods exports),4.348 (% total goods imports),6.449 (% of service exports BoP),2.641 (per 100 people),37.890 (per 1 million people),0.000 (% of total goods exports),4.316 (% total goods imports),5.533 (% of service exports BoP),3.438 (per 100 people),109.534 (per 1 million people),-,4.106 (% total goods imports),4.656 (% of service exports BoP),130.184 (per 1 million people)
"보스니아-헤르체고비나",17.958 (per 100 people),82.231 (per 1 million people),0.258 (% of total goods exports),3.019 (% total goods imports),8.558 (% of service exports BoP),18.837 (per 100 people),188.408 (per 1 million people),0.171 (% of total goods exports),2.955 (% total goods imports),9.097 (% of service exports BoP),18.931 (per 100 people),1499.018 (per 1 million people),0.152 (% of total goods exports),2.629 (% total goods imports),8.604 (% of service exports BoP),1934.759 (per 1 million people)
"보츠와나",1.668 (per 100 people),35.365 (per 1 million people),0.149 (% of total goods exports),2.372 (% total goods imports),1.199 (% of service exports BoP),2.624 (per 100 people),50.927 (per 1 million people),0.105 (% of total goods exports),2.654 (% total goods imports),1.352 (% of service exports BoP),1.415 (per 100 people),68.477 (per 1 million people),0.182 (% of total goods exports),2.982 (% total goods imports),1.990 (% of service exports BoP),133.533 (per 1 million people)
"브라질",12.372 (per 100 people),158.961 (per 1 million people),0.449 (% of total goods exports),8.408 (% total goods imports),4.648 (% of service exports BoP),12.888 (per 100 people),410.044 (per 1 million people),0.390 (% of total goods exports),8.438 (% total goods imports),5.417 (% of service exports BoP),13.804 (per 100 people),1581.639 (per 1 million people),0.357 (% of total goods exports),10.113 (% total goods imports),6.341 (% of service exports BoP),2036.384 (per 1 million people)
"브루나이",8.245 (per 100 people),573.623 (per 1 million people),0.189 (% of total goods exports),4.477 (% total goods imports),0.012 (% of service exports BoP),8.534 (per 100 people),612.196 (per 1 million people),0.804 (% of total goods exports),4.415 (% total goods imports),0.003 (% of service exports BoP),9.613 (per 100 people),1620.833 (per 1 million people),0.181 (% of total goods exports),3.287 (% total goods imports),0.005 (% of service exports BoP),1988.521 (per 1 million people)
"불가리아",22.495 (per 100 people),679.856 (per 1 million people),2.897 (% of total goods exports),5.154 (% total goods imports),11.296 (% of service exports BoP),23.804 (per 100 people),4043.451 (per 1 million people),2.853 (% of total goods exports),5.371 (% total goods imports),12.745 (% of service exports BoP),25.361 (per 100 people),32308.326 (per 1 million people),2.754 (% of total goods exports),4.942 (% total goods imports),12.990 (% of service exports BoP),38228.323 (per 1 million people)
"부르키나파소",0.040 (per 100 people),1.491 (per 1 million people),0.023 (% of total goods exports),3.250 (% total goods imports),10.961 (% of service exports BoP),0.074 (per 100 people),1.823 (per 1 million people),0.036 (% of total goods exports),2.498 (% total goods imports),10.766 (% of service exports BoP),0.064 (per 100 people),1.928 (per 1 million people),-,-,-,2.531 (per 1 million people)
"부룬디",0.036 (per 100 people),0.787 (per 1 million people),0.501 (% of total goods exports),7.516 (% total goods imports),13.493 (% of service exports BoP),0.037 (per 100 people),1.526 (per 1 million people),0.591 (% of total goods exports),5.955 (% total goods imports),4.955 (% of service exports BoP),0.036 (per 100 people),4.618 (per 1 million people),0.095 (% of total goods exports),2.723 (% total goods imports),4.955 (% of service exports BoP),5.995 (per 1 million people)
"캄보디아",0.538 (per 100 people),10.179 (per 1 million people),2.184 (% of total goods exports),2.514 (% total goods imports),2.189 (% of service exports BoP),0.619 (per 100 people),20.487 (per 1 million people),1.903 (% of total goods exports),2.245 (% total goods imports),1.832 (% of service exports BoP),0.835 (per 100 people),55.155 (per 1 million people),-,-,1.443 (% of service exports BoP),81.109 (per 1 million people)
"카메룬",0.070 (per 100 people),2.232 (per 1 million people),0.025 (% of total goods exports),3.396 (% total goods imports),6.321 (% of service exports BoP),0.196 (per 100 people),2.800 (per 1 million people),0.030 (% of total goods exports),7.599 (% total goods imports),7.219 (% of service exports BoP),0.175 (per 100 people),8.548 (per 1 million people),0.050 (% of total goods exports),3.395 (% total goods imports),6.793 (% of service exports BoP),5.433 (per 1 million people)
"캐나다",36.483 (per 100 people),3386.895 (per 1 million people),2.144 (% of total goods exports),7.119 (% total goods imports),9.003 (% of service exports BoP),36.888 (per 100 people),10221.441 (per 1 million people),2.118 (% of total goods exports),7.073 (% total goods imports),8.912 (% of service exports BoP),38.018 (per 100 people),26568.880 (per 1 million people),1.952 (% of total goods exports),7.246 (% total goods imports),8.904 (% of service exports BoP),30952.305 (per 1 million people)
"카보베르데",3.109 (per 100 people),74.322 (per 1 million people),0.348 (% of total goods exports),4.534 (% total goods imports),4.756 (% of service exports BoP),2.880 (per 100 people),112.963 (per 1 million people),-,5.075 (% total goods imports),5.082 (% of service exports BoP),2.744 (per 100 people),260.467 (per 1 million people),-,5.016 (% total goods imports),4.782 (% of service exports BoP),498.375 (per 1 million people)
"케이맨제도",45.666 (per 100 people),4973.754 (per 1 million people),-,-,-,40.377 (per 100 people),5226.230 (per 1 million people),-,-,-,50.735 (per 100 people),6058.502 (per 1 million people),-,-,-,11531.150 (per 1 million people)
"중앙아프리카공화국",0.041 (per 100 people),0.223 (per 1 million people),0.001 (% of total goods exports),6.600 (% total goods imports),-,-,0.220 (per 1 million people),0.049 (% of total goods exports),8.245 (% total goods imports),-,-,0.435 (per 1 million people),-,-,-,0.643 (per 1 million people)
"차드",0.081 (per 100 people),0.354 (per 1 million people),-,-,-,0.072 (per 100 people),0.343 (per 1 million people),-,-,-,0.070 (per 100 people),0.599 (per 1 million people),-,-,-,0.452 (per 1 million people)
"칠레",15.310 (per 100 people),223.992 (per 1 million people),0.476 (% of total goods exports),8.659 (% total goods imports),3.324 (% of service exports BoP),16.218 (per 100 people),1237.186 (per 1 million people),0.573 (% of total goods exports),9.207 (% total goods imports),3.711 (% of service exports BoP),16.943 (per 100 people),7258.192 (per 1 million people),0.363 (% of total goods exports),8.578 (% total goods imports),3.448 (% of service exports BoP),8073.293 (per 1 million people)
"중국",19.831 (per 100 people),19.682 (per 1 million people),26.563 (% of total goods exports),23.346 (% total goods imports),11.292 (% of service exports BoP),22.985 (per 100 people),47.912 (per 1 million people),26.498 (% of total goods exports),23.756 (% total goods imports),12.203 (% of service exports BoP),27.966 (per 100 people),209.120 (per 1 million people),27.069 (% of total goods exports),22.719 (% total goods imports),12.661 (% of service exports BoP),446.707 (per 1 million people)
"홍콩",32.403 (per 100 people),2331.820 (per 1 million people),48.648 (% of total goods exports),47.655 (% total goods imports),2.723 (% of service exports BoP),35.959 (per 100 people),3873.320 (per 1 million people),49.992 (% of total goods exports),50.307 (% total goods imports),2.894 (% of service exports BoP),36.091 (per 100 people),10484.868 (per 1 million people),51.672 (% of total goods exports),51.859 (% total goods imports),-,19403.570 (per 1 million people)
"콜롬비아",11.457 (per 100 people),71.316 (per 1 million people),0.235 (% of total goods exports),9.333 (% total goods imports),4.653 (% of service exports BoP),12.153 (per 100 people),320.003 (per 1 million people),0.285 (% of total goods exports),9.215 (% total goods imports),4.176 (% of service exports BoP),12.879 (per 100 people),462.976 (per 1 million people),0.251 (% of total goods exports),9.623 (% total goods imports),4.066 (% of service exports BoP),651.336 (per 1 million people)
"코모로",0.206 (per 100 people),1.286 (per 1 million people),-,-,-,0.205 (per 100 people),59.076 (per 1 million people),-,-,-,0.181 (per 100 people),4.915 (per 1 million people),-,-,-,7.209 (per 1 million people)
"콩고민주공화국",0.001 (per 100 people),0.512 (per 1 million people),-,-,4.650 (% of service exports BoP),0.001 (per 100 people),0.635 (per 1 million people),-,-,4.535 (% of service exports BoP),0.001 (per 100 people),2.555 (per 1 million people),-,-,6.074 (% of service exports BoP),2.819 (per 1 million people)
"콩고",-,3.707 (per 1 million people),-,-,0.766 (% of service exports BoP),-,4.618 (per 1 million people),-,-,6.387 (% of service exports BoP),-,4.696 (per 1 million people),0.024 (% of total goods exports),1.722 (% total goods imports),-,6.102 (per 1 million people)
"코스타리카",11.620 (per 100 people),312.925 (per 1 million people),1.696 (% of total goods exports),9.156 (% total goods imports),13.019 (% of service exports BoP),13.157 (per 100 people),489.861 (per 1 million people),0.654 (% of total goods exports),7.197 (% total goods imports),12.823 (% of service exports BoP),15.167 (per 100 people),1161.425 (per 1 million people),-,-,14.665 (% of service exports BoP),1205.935 (per 1 million people)
"코트디부아르",0.475 (per 100 people),5.037 (per 1 million people),0.112 (% of total goods exports),2.332 (% total goods imports),10.404 (% of service exports BoP),0.576 (per 100 people),6.045 (per 1 million people),-,-,10.726 (% of service exports BoP),0.588 (per 100 people),8.675 (per 1 million people),-,-,-,11.648 (per 1 million people)
"크로아티아",23.282 (per 100 people),635.645 (per 1 million people),2.449 (% of total goods exports),5.226 (% total goods imports),4.304 (% of service exports BoP),24.774 (per 100 people),1724.580 (per 1 million people),2.701 (% of total goods exports),5.046 (% total goods imports),4.848 (% of service exports BoP),26.159 (per 100 people),14607.964 (per 1 million people),2.510 (% of total goods exports),5.020 (% total goods imports),4.999 (% of service exports BoP),19547.366 (per 1 million people)
"쿠바",0.071 (per 100 people),0.088 (per 1 million people),-,-,-,0.126 (per 100 people),2.823 (per 1 million people),-,-,-,0.292 (per 100 people),8.466 (per 1 million people),-,-,-,16.052 (per 1 million people)
"키프로스",30.914 (per 100 people),2377.292 (per 1 million people),6.187 (% of total goods exports),4.850 (% total goods imports),13.951 (% of service exports BoP),32.770 (per 100 people),4550.555 (per 1 million people),7.554 (% of total goods exports),4.238 (% total goods imports),17.073 (% of service exports BoP),34.795 (per 100 people),17364.031 (per 1 million people),4.906 (% of total goods exports),3.438 (% total goods imports),18.623 (% of service exports BoP),6372.003 (per 1 million people)
"체코",27.789 (per 100 people),2048.822 (per 1 million people),13.536 (% of total goods exports),15.630 (% total goods imports),12.017 (% of service exports BoP),28.932 (per 100 people),11991.389 (per 1 million people),12.715 (% of total goods exports),14.243 (% total goods imports),13.394 (% of service exports BoP),29.629 (per 100 people),25419.942 (per 1 million people),13.335 (% of total goods exports),15.332 (% total goods imports),14.024 (% of service exports BoP),42361.464 (per 1 million people)
"덴마크",42.276 (per 100 people),6004.945 (per 1 million people),3.665 (% of total goods exports),7.679 (% total goods imports),6.034 (% of service exports BoP),43.093 (per 100 people),24041.334 (per 1 million people),3.674 (% of total goods exports),7.722 (% total goods imports),6.551 (% of service exports BoP),43.670 (per 100 people),43757.827 (per 1 million people),3.867 (% of total goods exports),7.557 (% total goods imports),6.772 (% of service exports BoP),123073.505 (per 1 million people)
"지부티",2.606 (per 100 people),10.941 (per 1 million people),-,-,4.281 (% of service exports BoP),2.576 (per 100 people),11.839 (per 1 million people),-,-,4.480 (% of service exports BoP),2.549 (per 100 people),22.243 (per 1 million people),-,-,5.040 (% of service exports BoP),37.542 (per 1 million people)
"도미니카연방",20.720 (per 100 people),266.918 (per 1 million people),-,-,5.177 (% of service exports BoP),21.058 (per 100 people),5357.118 (per 1 million people),-,-,5.154 (% of service exports BoP),20.863 (per 100 people),6969.129 (per 1 million people),-,-,5.508 (% of service exports BoP),6631.763 (per 1 million people)
"도미니카공화국",6.517 (per 100 people),46.393 (per 1 million people),1.004 (% of total goods exports),3.874 (% total goods imports),2.232 (% of service exports BoP),7.206 (per 100 people),93.289 (per 1 million people),1.251 (% of total goods exports),4.326 (% total goods imports),1.772 (% of service exports BoP),7.583 (per 100 people),98.163 (per 1 million people),2.165 (% of total goods exports),4.750 (% total goods imports),1.619 (% of service exports BoP),121.669 (per 1 million people)
"에콰도르",9.214 (per 100 people),81.359 (per 1 million people),0.082 (% of total goods exports),5.646 (% total goods imports),3.687 (% of service exports BoP),8.919 (per 100 people),120.550 (per 1 million people),0.103 (% of total goods exports),5.625 (% total goods imports),3.080 (% of service exports BoP),10.128 (per 100 people),209.945 (per 1 million people),0.106 (% of total goods exports),5.535 (% total goods imports),1.926 (% of service exports BoP),265.623 (per 1 million people)
"이집트",4.080 (per 100 people),10.547 (per 1 million people),3.695 (% of total goods exports),4.474 (% total goods imports),4.369 (% of service exports BoP),4.671 (per 100 people),14.696 (per 1 million people),2.704 (% of total goods exports),4.111 (% total goods imports),6.542 (% of service exports BoP),5.354 (per 100 people),36.187 (per 1 million people),2.880 (% of total goods exports),3.993 (% total goods imports),3.491 (% of service exports BoP),35.114 (per 1 million people)
"엘살바도르",5.592 (per 100 people),45.217 (per 1 million people),0.275 (% of total goods exports),5.393 (% total goods imports),7.428 (% of service exports BoP),6.230 (per 100 people),52.076 (per 1 million people),0.305 (% of total goods exports),5.242 (% total goods imports),7.231 (% of service exports BoP),6.942 (per 100 people),61.520 (per 1 million people),0.227 (% of total goods exports),5.097 (% total goods imports),7.996 (% of service exports BoP),90.644 (per 1 million people)
"적도기니",0.323 (per 100 people),3.423 (per 1 million people),-,-,-,0.277 (per 100 people),5.760 (per 1 million people),-,-,-,0.150 (per 100 people),0.000 (per 1 million people),-,-,-,9.931 (per 1 million people)
"에리트레아",0.010 (per 100 people),-,-,-,-,0.012 (per 100 people),-,-,-,-,0.020 (per 100 people),-,-,-,-,-
"에스토니아",29.204 (per 100 people),3120.707 (per 1 million people),11.907 (% of total goods exports),11.211 (% total goods imports),8.640 (% of service exports BoP),30.080 (per 100 people),10786.676 (per 1 million people),12.527 (% of total goods exports),11.530 (% total goods imports),9.365 (% of service exports BoP),30.900 (per 100 people),29131.218 (per 1 million people),9.279 (% of total goods exports),9.411 (% total goods imports),10.527 (% of service exports BoP),48933.896 (per 1 million people)
"에티오피아",0.479 (per 100 people),0.327 (per 1 million people),0.241 (% of total goods exports),6.301 (% total goods imports),3.134 (% of service exports BoP),0.546 (per 100 people),0.405 (per 1 million people),1.690 (% of total goods exports),6.153 (% total goods imports),2.397 (% of service exports BoP),0.052 (per 100 people),0.714 (per 1 million people),-,-,2.168 (% of service exports BoP),1.465 (per 1 million people)
"페로제도",36.336 (per 100 people),3683.586 (per 1 million people),-,-,-,36.592 (per 100 people),3695.016 (per 1 million people),-,-,-,36.602 (per 100 people),3931.224 (per 1 million people),-,-,-,4639.462 (per 1 million people)
"피지",1.427 (per 100 people),90.948 (per 1 million people),0.760 (% of total goods exports),4.372 (% total goods imports),1.408 (% of service exports BoP),1.372 (per 100 people),113.480 (per 1 million people),3.300 (% of total goods exports),4.863 (% total goods imports),1.646 (% of service exports BoP),1.340 (per 100 people),149.295 (per 1 million people),5.243 (% of total goods exports),5.192 (% total goods imports),1.673 (% of service exports BoP),173.178 (per 1 million people)
"핀란드",31.556 (per 100 people),3395.181 (per 1 million people),2.463 (% of total goods exports),6.893 (% total goods imports),31.717 (% of service exports BoP),31.110 (per 100 people),7131.363 (per 1 million people),2.695 (% of total goods exports),7.285 (% total goods imports),28.502 (% of service exports BoP),30.949 (per 100 people),22324.115 (per 1 million people),2.694 (% of total goods exports),7.071 (% total goods imports),26.213 (% of service exports BoP),33983.563 (per 1 million people)
"프랑스",41.682 (per 100 people),1897.186 (per 1 million people),4.024 (% of total goods exports),6.673 (% total goods imports),6.738 (% of service exports BoP),42.768 (per 100 people),6674.447 (per 1 million people),3.982 (% of total goods exports),6.667 (% total goods imports),6.665 (% of service exports BoP),43.721 (per 100 people),14831.195 (per 1 million people),3.933 (% of total goods exports),6.507 (% total goods imports),6.657 (% of service exports BoP),20414.946 (per 1 million people)
"프랑스령폴리네시아",18.693 (per 100 people),212.358 (per 1 million people),0.801 (% of total goods exports),4.631 (% total goods imports),1.695 (% of service exports BoP),19.786 (per 100 people),262.223 (per 1 million people),-,-,1.516 (% of service exports BoP),20.383 (per 100 people),597.603 (per 1 million people),-,-,-,741.864 (per 1 million people)
"가봉",0.574 (per 100 people),16.430 (per 1 million people),-,-,-,0.759 (per 100 people),22.412 (per 1 million people),-,-,-,0.739 (per 100 people),28.090 (per 1 million people),-,-,-,26.424 (per 1 million people)
"감비아",0.181 (per 100 people),8.150 (per 1 million people),-,-,1.580 (% of service exports BoP),0.184 (per 100 people),8.841 (per 1 million people),0.183 (% of total goods exports),0.778 (% total goods imports),2.044 (% of service exports BoP),0.190 (per 100 people),47.879 (per 1 million people),-,-,2.983 (% of service exports BoP),24.560 (per 1 million people)
"조지아",16.775 (per 100 people),118.649 (per 1 million people),1.047 (% of total goods exports),4.492 (% total goods imports),1.458 (% of service exports BoP),17.607 (per 100 people),406.706 (per 1 million people),0.456 (% of total goods exports),4.748 (% total goods imports),1.697 (% of service exports BoP),19.706 (per 100 people),2360.244 (per 1 million people),0.557 (% of total goods exports),5.729 (% total goods imports),2.253 (% of service exports BoP),2179.577 (per 1 million people)
"독일",37.582 (per 100 people),4297.926 (per 1 million people),4.652 (% of total goods exports),8.440 (% total goods imports),10.498 (% of service exports BoP),39.065 (per 100 people),11624.960 (per 1 million people),4.657 (% of total goods exports),8.426 (% total goods imports),11.656 (% of service exports BoP),40.471 (per 100 people),34181.278 (per 1 million people),4.955 (% of total goods exports),8.777 (% total goods imports),11.733 (% of service exports BoP),56391.561 (per 1 million people)
"가나",0.265 (per 100 people),7.182 (per 1 million people),-,-,-,0.307 (per 100 people),96.939 (per 1 million people),0.092 (% of total goods exports),2.496 (% total goods imports),-,0.197 (per 100 people),94.226 (per 1 million people),0.024 (% of total goods exports),2.506 (% total goods imports),-,21.803 (per 1 million people)
"그리스",30.657 (per 100 people),409.948 (per 1 million people),3.071 (% of total goods exports),4.890 (% total goods imports),2.544 (% of service exports BoP),32.324 (per 100 people),1411.845 (per 1 million people),3.492 (% of total goods exports),4.668 (% total goods imports),3.048 (% of service exports BoP),33.856 (per 100 people),3695.694 (per 1 million people),2.780 (% of total goods exports),4.344 (% total goods imports),2.961 (% of service exports BoP),5037.814 (per 1 million people)
"그린란드",17.738 (per 100 people),2797.876 (per 1 million people),0.085 (% of total goods exports),4.369 (% total goods imports),-,-,2954.473 (per 1 million people),0.012 (% of total goods exports),3.762 (% total goods imports),-,-,2527.995 (per 1 million people),-,-,-,3070.058 (per 1 million people)
"그레나다",18.495 (per 100 people),218.980 (per 1 million people),-,-,1.983 (% of service exports BoP),19.401 (per 100 people),281.151 (per 1 million people),-,-,1.921 (% of service exports BoP),20.621 (per 100 people),234.500 (per 1 million people),-,-,1.650 (% of service exports BoP),323.003 (per 1 million people)
"괌",-,710.521 (per 1 million people),-,-,-,-,650.502 (per 1 million people),-,-,-,-,730.456 (per 1 million people),-,-,-,856.619 (per 1 million people)
"과테말라",2.829 (per 100 people),28.488 (per 1 million people),0.267 (% of total goods exports),6.157 (% total goods imports),18.730 (% of service exports BoP),3.051 (per 100 people),36.182 (per 1 million people),0.228 (% of total goods exports),6.241 (% total goods imports),11.681 (% of service exports BoP),3.140 (per 100 people),68.283 (per 1 million people),-,-,8.848 (% of service exports BoP),74.560 (per 1 million people)
"기니",0.008 (per 100 people),0.787 (per 1 million people),0.038 (% of total goods exports),0.962 (% total goods imports),5.790 (% of service exports BoP),0.009 (per 100 people),0.937 (per 1 million people),-,-,0.783 (% of service exports BoP),0.009 (per 100 people),1.574 (per 1 million people),-,-,1.088 (% of service exports BoP),3.303 (per 1 million people)
"기니비사우",0.059 (per 100 people),1.727 (per 1 million people),-,-,28.067 (% of service exports BoP),0.040 (per 100 people),1.683 (per 1 million people),-,-,26.127 (% of service exports BoP),0.034 (per 100 people),2.735 (per 1 million people),-,-,-,2.134 (per 1 million people)
"가이아나",6.986 (per 100 people),27.364 (per 1 million people),0.052 (% of total goods exports),2.418 (% total goods imports),4.871 (% of service exports BoP),7.397 (per 100 people),31.114 (per 1 million people),0.171 (% of total goods exports),2.865 (% total goods imports),4.883 (% of service exports BoP),8.342 (per 100 people),32.249 (per 1 million people),0.054 (% of total goods exports),2.775 (% total goods imports),-,47.497 (per 1 million people)
"아이티",0.013 (per 100 people),3.833 (per 1 million people),-,-,3.732 (% of service exports BoP),0.012 (per 100 people),4.520 (per 1 million people),-,-,4.176 (% of service exports BoP),0.272 (per 100 people),4.553 (per 1 million people),-,-,4.975 (% of service exports BoP),5.304 (per 1 million people)
"온두라스",2.203 (per 100 people),20.301 (per 1 million people),0.166 (% of total goods exports),8.356 (% total goods imports),8.306 (% of service exports BoP),2.418 (per 100 people),30.310 (per 1 million people),0.516 (% of total goods exports),5.492 (% total goods imports),8.848 (% of service exports BoP),2.574 (per 100 people),79.542 (per 1 million people),0.452 (% of total goods exports),5.160 (% total goods imports),9.543 (% of service exports BoP),74.785 (per 1 million people)
"헝가리",27.788 (per 100 people),926.544 (per 1 million people),11.624 (% of total goods exports),12.581 (% total goods imports),8.104 (% of service exports BoP),28.884 (per 100 people),4125.933 (per 1 million people),11.375 (% of total goods exports),12.364 (% total goods imports),7.883 (% of service exports BoP),30.531 (per 100 people),13627.142 (per 1 million people),11.184 (% of total goods exports),12.564 (% total goods imports),8.186 (% of service exports BoP),19257.257 (per 1 million people)
"아이슬란드",37.680 (per 100 people),7611.505 (per 1 million people),0.185 (% of total goods exports),5.373 (% total goods imports),5.561 (% of service exports BoP),38.506 (per 100 people),35663.712 (per 1 million people),0.148 (% of total goods exports),5.474 (% total goods imports),5.171 (% of service exports BoP),39.870 (per 100 people),57638.323 (per 1 million people),0.170 (% of total goods exports),5.511 (% total goods imports),4.786 (% of service exports BoP),64605.995 (per 1 million people)
"인도",1.294 (per 100 people),11.688 (per 1 million people),0.889 (% of total goods exports),8.564 (% total goods imports),48.867 (% of service exports BoP),1.409 (per 100 people),38.296 (per 1 million people),0.953 (% of total goods exports),9.333 (% total goods imports),47.301 (% of service exports BoP),1.333 (per 100 people),123.102 (per 1 million people),0.864 (% of total goods exports),9.717 (% total goods imports),42.375 (% of service exports BoP),187.808 (per 1 million people)
"인도네시아",1.543 (per 100 people),17.683 (per 1 million people),3.521 (% of total goods exports),7.632 (% total goods imports),4.370 (% of service exports BoP),2.002 (per 100 people),306.223 (per 1 million people),3.369 (% of total goods exports),7.967 (% total goods imports),4.161 (% of service exports BoP),2.355 (per 100 people),1280.674 (per 1 million people),2.987 (% of total goods exports),7.276 (% total goods imports),3.996 (% of service exports BoP),1282.999 (per 1 million people)
"이란",8.327 (per 100 people),12.269 (per 1 million people),-,-,-,9.478 (per 100 people),64.124 (per 1 million people),-,-,-,12.392 (per 100 people),225.699 (per 1 million people),-,-,-,494.595 (per 1 million people)
"이라크",-,2.446 (per 1 million people),-,-,3.068 (% of service exports BoP),-,4.152 (per 1 million people),-,-,2.280 (% of service exports BoP),-,10.412 (per 1 million people),-,-,-,11.318 (per 1 million people)
"아일랜드",27.860 (per 100 people),3194.415 (per 1 million people),6.000 (% of total goods exports),8.992 (% total goods imports),-,28.781 (per 100 people),11743.442 (per 1 million people),8.918 (% of total goods exports),8.108 (% total goods imports),-,29.430 (per 100 people),38597.467 (per 1 million people),7.870 (% of total goods exports),7.504 (% total goods imports),43.762 (% of service exports BoP),69791.610 (per 1 million people)
"이스라엘",26.945 (per 100 people),1304.996 (per 1 million people),14.330 (% of total goods exports),11.461 (% total goods imports),42.855 (% of service exports BoP),27.564 (per 100 people),2119.588 (per 1 million people),11.735 (% of total goods exports),10.876 (% total goods imports),43.204 (% of service exports BoP),28.144 (per 100 people),6967.624 (per 1 million people),10.770 (% of total goods exports),8.944 (% total goods imports),44.927 (% of service exports BoP),9610.865 (per 1 million people)
"이탈리아",25.041 (per 100 people),628.020 (per 1 million people),1.897 (% of total goods exports),5.193 (% total goods imports),8.473 (% of service exports BoP),26.188 (per 100 people),1305.101 (per 1 million people),1.860 (% of total goods exports),5.108 (% total goods imports),8.584 (% of service exports BoP),27.942 (per 100 people),7744.062 (per 1 million people),1.896 (% of total goods exports),4.987 (% total goods imports),8.196 (% of service exports BoP),12256.036 (per 1 million people)
"자메이카",7.970 (per 100 people),121.410 (per 1 million people),0.272 (% of total goods exports),4.732 (% total goods imports),4.002 (% of service exports BoP),9.928 (per 100 people),121.807 (per 1 million people),0.543 (% of total goods exports),4.483 (% total goods imports),3.966 (% of service exports BoP),8.273 (per 100 people),137.289 (per 1 million people),1.049 (% of total goods exports),3.616 (% total goods imports),3.625 (% of service exports BoP),153.670 (per 1 million people)
"일본",30.375 (per 100 people),1504.275 (per 1 million people),8.519 (% of total goods exports),12.791 (% total goods imports),1.999 (% of service exports BoP),31.159 (per 100 people),2109.540 (per 1 million people),8.313 (% of total goods exports),13.011 (% total goods imports),2.196 (% of service exports BoP),31.794 (per 100 people),5980.236 (per 1 million people),8.351 (% of total goods exports),13.009 (% total goods imports),2.702 (% of service exports BoP),11670.801 (per 1 million people)
"요르단",3.383 (per 100 people),45.972 (per 1 million people),1.777 (% of total goods exports),4.400 (% total goods imports),0.699 (% of service exports BoP),3.179 (per 100 people),70.042 (per 1 million people),3.177 (% of total goods exports),4.785 (% total goods imports),0.672 (% of service exports BoP),3.439 (per 100 people),108.087 (per 1 million people),3.394 (% of total goods exports),4.452 (% total goods imports),0.359 (% of service exports BoP),102.953 (per 1 million people)
"카자흐스탄",12.964 (per 100 people),48.168 (per 1 million people),0.185 (% of total goods exports),4.890 (% total goods imports),2.302 (% of service exports BoP),13.064 (per 100 people),264.189 (per 1 million people),0.155 (% of total goods exports),5.198 (% total goods imports),2.039 (% of service exports BoP),14.151 (per 100 people),1232.247 (per 1 million people),0.122 (% of total goods exports),5.844 (% total goods imports),1.788 (% of service exports BoP),1374.169 (per 1 million people)
"케냐",0.286 (per 100 people),12.929 (per 1 million people),-,-,11.865 (% of service exports BoP),0.316 (per 100 people),19.204 (per 1 million people),-,-,10.864 (% of service exports BoP),0.580 (per 100 people),36.578 (per 1 million people),0.382 (% of total goods exports),4.787 (% total goods imports),10.179 (% of service exports BoP),217.228 (per 1 million people)
"키리바시",0.104 (per 100 people),9.015 (per 1 million people),0.032 (% of total goods exports),8.403 (% total goods imports),-,0.058 (per 100 people),26.661 (per 1 million people),1.060 (% of total goods exports),1.943 (% total goods imports),-,0.065 (per 100 people),26.279 (per 1 million people),-,-,-,43.160 (per 1 million people)
"북한",-,-,-,-,-,-,0.000 (per 1 million people),-,-,-,-,0.039 (per 1 million people),-,-,-,-
"한국",39.579 (per 100 people),557.719 (per 1 million people),21.720 (% of total goods exports),14.665 (% total goods imports),3.592 (% of service exports BoP),40.470 (per 100 people),720.607 (per 1 million people),22.270 (% of total goods exports),15.696 (% total goods imports),3.923 (% of service exports BoP),41.575 (per 100 people),1196.513 (per 1 million people),24.742 (% of total goods exports),15.019 (% total goods imports),4.794 (% of service exports BoP),2063.977 (per 1 million people)
"쿠웨이트",1.397 (per 100 people),332.674 (per 1 million people),0.162 (% of total goods exports),7.633 (% total goods imports),44.714 (% of service exports BoP),2.502 (per 100 people),398.042 (per 1 million people),0.138 (% of total goods exports),6.527 (% total goods imports),46.186 (% of service exports BoP),3.941 (per 100 people),484.209 (per 1 million people),0.260 (% of total goods exports),8.101 (% total goods imports),43.282 (% of service exports BoP),412.104 (per 1 million people)
"키르기스스탄",3.606 (per 100 people),22.831 (per 1 million people),0.069 (% of total goods exports),2.799 (% total goods imports),4.982 (% of service exports BoP),4.044 (per 100 people),42.273 (per 1 million people),0.372 (% of total goods exports),3.130 (% total goods imports),7.824 (% of service exports BoP),4.268 (per 100 people),103.094 (per 1 million people),0.147 (% of total goods exports),3.656 (% total goods imports),4.833 (% of service exports BoP),170.208 (per 1 million people)
"라오스",0.185 (per 100 people),4.154 (per 1 million people),9.643 (% of total goods exports),10.616 (% total goods imports),4.064 (% of service exports BoP),0.361 (per 100 people),8.326 (per 1 million people),9.971 (% of total goods exports),7.356 (% total goods imports),3.569 (% of service exports BoP),0.397 (per 100 people),16.396 (per 1 million people),-,-,2.870 (% of service exports BoP),20.392 (per 1 million people)
"라트비아",25.268 (per 100 people),1312.751 (per 1 million people),11.519 (% of total goods exports),10.179 (% total goods imports),8.287 (% of service exports BoP),26.346 (per 100 people),2938.449 (per 1 million people),10.499 (% of total goods exports),10.052 (% total goods imports),11.645 (% of service exports BoP),26.990 (per 100 people),11948.011 (per 1 million people),9.345 (% of total goods exports),9.336 (% total goods imports),12.733 (% of service exports BoP),14508.897 (per 1 million people)
"레바논",21.930 (per 100 people),83.733 (per 1 million people),0.818 (% of total goods exports),2.252 (% total goods imports),4.040 (% of service exports BoP),21.643 (per 100 people),88.212 (per 1 million people),0.831 (% of total goods exports),2.296 (% total goods imports),4.317 (% of service exports BoP),-,119.350 (per 1 million people),2.884 (% of total goods exports),9.854 (% total goods imports),4.217 (% of service exports BoP),174.480 (per 1 million people)
"레소토",0.095 (per 100 people),6.799 (per 1 million people),-,-,3.769 (% of service exports BoP),0.101 (per 100 people),8.675 (per 1 million people),-,-,4.936 (% of service exports BoP),0.216 (per 100 people),20.082 (per 1 million people),-,-,5.528 (% of service exports BoP),39.371 (per 1 million people)
"라이베리아",0.156 (per 100 people),0.894 (per 1 million people),-,-,-,0.173 (per 100 people),2.180 (per 1 million people),-,-,-,0.190 (per 100 people),1.914 (per 1 million people),-,-,-,2.283 (per 1 million people)
"리비아",0.978 (per 100 people),6.232 (per 1 million people),-,-,3.520 (% of service exports BoP),2.684 (per 100 people),142.633 (per 1 million people),-,-,19.883 (% of service exports BoP),4.989 (per 100 people),938.195 (per 1 million people),-,-,-,1099.787 (per 1 million people)
"리히텐슈타인",41.965 (per 100 people),15452.362 (per 1 million people),-,-,-,42.306 (per 100 people),17552.711 (per 1 million people),-,-,-,42.859 (per 100 people),23915.344 (per 1 million people),-,-,-,35162.226 (per 1 million people)
"리투아니아",28.422 (per 100 people),1185.235 (per 1 million people),3.947 (% of total goods exports),5.102 (% total goods imports),4.008 (% of service exports BoP),29.494 (per 100 people),4377.611 (per 1 million people),3.864 (% of total goods exports),5.508 (% total goods imports),4.353 (% of service exports BoP),27.636 (per 100 people),13058.252 (per 1 million people),4.076 (% of total goods exports),5.756 (% total goods imports),5.812 (% of service exports BoP),18345.723 (per 1 million people)
"룩셈부르크",34.460 (per 100 people),5500.313 (per 1 million people),2.288 (% of total goods exports),4.248 (% total goods imports),4.355 (% of service exports BoP),35.276 (per 100 people),11473.951 (per 1 million people),2.492 (% of total goods exports),4.410 (% total goods imports),4.277 (% of service exports BoP),36.781 (per 100 people),43014.341 (per 1 million people),2.360 (% of total goods exports),4.365 (% total goods imports),3.827 (% of service exports BoP),43167.338 (per 1 million people)
"마카오",28.279 (per 100 people),752.385 (per 1 million people),6.422 (% of total goods exports),13.726 (% total goods imports),0.159 (% of service exports BoP),29.070 (per 100 people),1111.227 (per 1 million people),2.847 (% of total goods exports),10.831 (% total goods imports),0.141 (% of service exports BoP),29.876 (per 100 people),1779.677 (per 1 million people),-,-,0.114 (% of service exports BoP),2650.261 (per 1 million people)
"마케도니아(구유고연방소속)",17.430 (per 100 people),114.941 (per 1 million people),0.626 (% of total goods exports),3.723 (% total goods imports),9.427 (% of service exports BoP),18.332 (per 100 people),466.660 (per 1 million people),0.532 (% of total goods exports),3.554 (% total goods imports),10.790 (% of service exports BoP),19.024 (per 100 people),498.080 (per 1 million people),0.870 (% of total goods exports),3.617 (% total goods imports),10.679 (% of service exports BoP),464.724 (per 1 million people)
"마다가스카르",0.098 (per 100 people),1.609 (per 1 million people),0.095 (% of total goods exports),3.285 (% total goods imports),7.402 (% of service exports BoP),0.106 (per 100 people),3.053 (per 1 million people),0.138 (% of total goods exports),2.747 (% total goods imports),6.280 (% of service exports BoP),0.098 (per 100 people),4.928 (per 1 million people),0.062 (% of total goods exports),2.725 (% total goods imports),7.515 (% of service exports BoP),5.445 (per 1 million people)
"말라위",0.033 (per 100 people),2.269 (per 1 million people),0.132 (% of total goods exports),3.331 (% total goods imports),19.371 (% of service exports BoP),0.048 (per 100 people),5.231 (per 1 million people),-,-,28.627 (% of service exports BoP),0.058 (per 100 people),10.413 (per 1 million people),-,-,28.536 (% of service exports BoP),15.378 (per 1 million people)
"말레이시아",9.972 (per 100 people),233.854 (per 1 million people),30.050 (% of total goods exports),24.011 (% total goods imports),7.603 (% of service exports BoP),8.718 (per 100 people),945.647 (per 1 million people),30.535 (% of total goods exports),24.700 (% total goods imports),7.236 (% of service exports BoP),8.499 (per 100 people),4917.726 (per 1 million people),31.000 (% of total goods exports),25.166 (% total goods imports),7.224 (% of service exports BoP),5713.038 (per 1 million people)
"몰디브",5.539 (per 100 people),116.505 (per 1 million people),-,5.281 (% total goods imports),2.997 (% of service exports BoP),6.852 (per 100 people),212.402 (per 1 million people),0.000 (% of total goods exports),4.622 (% total goods imports),3.181 (% of service exports BoP),8.373 (per 100 people),421.030 (per 1 million people),-,-,3.326 (% of service exports BoP),523.564 (per 1 million people)
"말리",0.020 (per 100 people),2.236 (per 1 million people),-,-,-,0.141 (per 100 people),3.173 (per 1 million people),0.067 (% of total goods exports),4.287 (% total goods imports),-,0.219 (per 100 people),7.671 (per 1 million people),0.049 (% of total goods exports),4.094 (% total goods imports),-,10.536 (per 1 million people)
"몰타",38.166 (per 100 people),3527.670 (per 1 million people),14.903 (% of total goods exports),7.447 (% total goods imports),0.598 (% of service exports BoP),39.888 (per 100 people),3234.832 (per 1 million people),13.216 (% of total goods exports),5.844 (% total goods imports),0.670 (% of service exports BoP),42.085 (per 100 people),14102.594 (per 1 million people),-,-,0.618 (% of service exports BoP),14447.914 (per 1 million people)
"마셜제도",1.887 (per 100 people),17.410 (per 1 million people),-,-,3.516 (% of service exports BoP),1.884 (per 100 people),51.962 (per 1 million people),-,-,2.627 (% of service exports BoP),1.882 (per 100 people),103.345 (per 1 million people),-,-,-,136.956 (per 1 million people)
"모리타니",0.230 (per 100 people),3.460 (per 1 million people),-,-,6.624 (% of service exports BoP),0.247 (per 100 people),3.363 (per 1 million people),-,1.581 (% total goods imports),5.305 (% of service exports BoP),0.286 (per 100 people),4.203 (per 1 million people),-,1.565 (% total goods imports),8.742 (% of service exports BoP),5.450 (per 1 million people)
"모리셔스",15.673 (per 100 people),234.436 (per 1 million people),12.798 (% of total goods exports),10.834 (% total goods imports),5.001 (% of service exports BoP),16.845 (per 100 people),321.337 (per 1 million people),5.444 (% of total goods exports),7.465 (% total goods imports),5.293 (% of service exports BoP),19.445 (per 100 people),379.563 (per 1 million people),1.802 (% of total goods exports),5.418 (% total goods imports),4.168 (% of service exports BoP),7844.761 (per 1 million people)
"멕시코",11.723 (per 100 people),57.887 (per 1 million people),16.189 (% of total goods exports),16.453 (% total goods imports),0.696 (% of service exports BoP),12.602 (per 100 people),119.659 (per 1 million people),16.143 (% of total goods exports),16.508 (% total goods imports),0.442 (% of service exports BoP),13.279 (per 100 people),185.482 (per 1 million people),16.108 (% of total goods exports),15.113 (% total goods imports),0.292 (% of service exports BoP),225.745 (per 1 million people)
"미크로네시아",3.138 (per 100 people),137.747 (per 1 million people),-,-,-,3.020 (per 100 people),154.244 (per 1 million people),-,-,-,3.578 (per 100 people),161.494 (per 1 million people),-,-,-,186.435 (per 1 million people)
"몰도바",13.143 (per 100 people),101.573 (per 1 million people),0.257 (% of total goods exports),3.230 (% total goods imports),16.509 (% of service exports BoP),13.730 (per 100 people),521.403 (per 1 million people),0.281 (% of total goods exports),3.503 (% total goods imports),14.558 (% of service exports BoP),14.424 (per 100 people),2837.544 (per 1 million people),0.275 (% of total goods exports),3.867 (% total goods imports),14.030 (% of service exports BoP),2992.203 (per 1 million people)
"모나코",47.913 (per 100 people),5514.608 (per 1 million people),-,-,-,48.349 (per 100 people),7171.001 (per 1 million people),-,-,-,49.769 (per 100 people),9715.566 (per 1 million people),-,-,-,10650.949 (per 1 million people)
"몽골",6.989 (per 100 people),75.039 (per 1 million people),0.079 (% of total goods exports),5.005 (% total goods imports),1.751 (% of service exports BoP),7.470 (per 100 people),437.449 (per 1 million people),0.092 (% of total goods exports),6.451 (% total goods imports),2.334 (% of service exports BoP),9.269 (per 100 people),1527.083 (per 1 million people),0.024 (% of total goods exports),4.579 (% total goods imports),2.649 (% of service exports BoP),1689.794 (per 1 million people)
"모로코",3.297 (per 100 people),9.462 (per 1 million people),2.167 (% of total goods exports),4.105 (% total goods imports),9.786 (% of service exports BoP),3.559 (per 100 people),24.455 (per 1 million people),2.247 (% of total goods exports),3.944 (% total goods imports),9.395 (% of service exports BoP),3.858 (per 100 people),284.279 (per 1 million people),-,-,8.613 (% of service exports BoP),295.733 (per 1 million people)
"모잠비크",0.152 (per 100 people),4.807 (per 1 million people),0.096 (% of total goods exports),3.269 (% total goods imports),2.265 (% of service exports BoP),0.162 (per 100 people),5.677 (per 1 million people),0.120 (% of total goods exports),2.834 (% total goods imports),5.449 (% of service exports BoP),0.208 (per 100 people),7.749 (per 1 million people),0.041 (% of total goods exports),2.973 (% total goods imports),3.179 (% of service exports BoP),11.832 (per 1 million people)
"미얀마",0.063 (per 100 people),1.044 (per 1 million people),0.042 (% of total goods exports),3.460 (% total goods imports),9.269 (% of service exports BoP),0.170 (per 100 people),20.492 (per 1 million people),1.636 (% of total goods exports),3.084 (% total goods imports),5.770 (% of service exports BoP),0.209 (per 100 people),9.910 (per 1 million people),0.187 (% of total goods exports),3.749 (% total goods imports),2.917 (% of service exports BoP),9.198 (per 1 million people)
"나미비아",2.903 (per 100 people),63.070 (per 1 million people),0.591 (% of total goods exports),2.980 (% total goods imports),2.536 (% of service exports BoP),2.595 (per 100 people),78.455 (per 1 million people),0.174 (% of total goods exports),3.076 (% total goods imports),2.909 (% of service exports BoP),2.596 (per 100 people),119.454 (per 1 million people),0.313 (% of total goods exports),3.083 (% total goods imports),5.126 (% of service exports BoP),149.494 (per 1 million people)
"네팔",1.056 (per 100 people),5.441 (per 1 million people),0.001 (% of total goods exports),4.963 (% total goods imports),24.036 (% of service exports BoP),0.774 (per 100 people),18.635 (per 1 million people),0.043 (% of total goods exports),5.289 (% total goods imports),23.971 (% of service exports BoP),1.717 (per 100 people),158.250 (per 1 million people),0.632 (% of total goods exports),5.294 (% total goods imports),18.040 (% of service exports BoP),182.499 (per 1 million people)
"네덜란드",41.498 (per 100 people),9728.852 (per 1 million people),11.315 (% of total goods exports),13.705 (% total goods imports),8.681 (% of service exports BoP),42.284 (per 100 people),24130.794 (per 1 million people),11.341 (% of total goods exports),13.684 (% total goods imports),9.869 (% of service exports BoP),42.327 (per 100 people),70412.128 (per 1 million people),10.985 (% of total goods exports),13.992 (% total goods imports),9.778 (% of service exports BoP),100585.067 (per 1 million people)
"뉴칼레도니아",20.577 (per 100 people),785.609 (per 1 million people),0.511 (% of total goods exports),2.678 (% total goods imports),2.712 (% of service exports BoP),-,1280.058 (per 1 million people),-,-,3.303 (% of service exports BoP),-,2857.143 (per 1 million people),-,-,-,3326.762 (per 1 million people)
"뉴질랜드",31.442 (per 100 people),3932.807 (per 1 million people),1.080 (% of total goods exports),7.837 (% total goods imports),4.042 (% of service exports BoP),32.837 (per 100 people),6430.154 (per 1 million people),1.034 (% of total goods exports),7.517 (% total goods imports),3.994 (% of service exports BoP),33.639 (per 100 people),14980.496 (per 1 million people),1.022 (% of total goods exports),7.565 (% total goods imports),3.611 (% of service exports BoP),17672.500 (per 1 million people)
"니카라과",1.912 (per 100 people),21.854 (per 1 million people),0.072 (% of total goods exports),5.528 (% total goods imports),12.478 (% of service exports BoP),2.878 (per 100 people),34.581 (per 1 million people),0.074 (% of total goods exports),4.680 (% total goods imports),12.940 (% of service exports BoP),3.380 (per 100 people),122.321 (per 1 million people),0.076 (% of total goods exports),3.863 (% total goods imports),11.171 (% of service exports BoP),69.291 (per 1 million people)
"니제르",0.137 (per 100 people),0.300 (per 1 million people),0.255 (% of total goods exports),3.697 (% total goods imports),51.535 (% of service exports BoP),0.037 (per 100 people),0.241 (per 1 million people),0.126 (% of total goods exports),4.200 (% total goods imports),42.158 (% of service exports BoP),0.040 (per 100 people),0.463 (per 1 million people),-,-,-,0.490 (per 1 million people)
"나이지리아",0.009 (per 100 people),3.550 (per 1 million people),-,-,2.433 (% of service exports BoP),0.058 (per 100 people),47.397 (per 1 million people),-,3.930 (% total goods imports),3.141 (% of service exports BoP),0.058 (per 100 people),222.813 (per 1 million people),0.000 (% of total goods exports),3.270 (% total goods imports),5.766 (% of service exports BoP),184.210 (per 1 million people)
"북마리아나제도",-,466.117 (per 1 million people),-,-,-,-,409.340 (per 1 million people),-,-,-,-,247.516 (per 1 million people),-,-,-,246.124 (per 1 million people)
"노르웨이",39.369 (per 100 people),4093.970 (per 1 million people),1.079 (% of total goods exports),6.617 (% total goods imports),5.267 (% of service exports BoP),40.143 (per 100 people),7003.509 (per 1 million people),1.112 (% of total goods exports),6.881 (% total goods imports),5.665 (% of service exports BoP),40.645 (per 100 people),14572.573 (per 1 million people),1.080 (% of total goods exports),6.504 (% total goods imports),5.629 (% of service exports BoP),20876.738 (per 1 million people)
"오만",5.553 (per 100 people),116.466 (per 1 million people),0.160 (% of total goods exports),3.131 (% total goods imports),2.616 (% of service exports BoP),6.433 (per 100 people),127.924 (per 1 million people),0.251 (% of total goods exports),3.637 (% total goods imports),3.087 (% of service exports BoP),7.526 (per 100 people),141.879 (per 1 million people),0.503 (% of total goods exports),3.360 (% total goods imports),3.048 (% of service exports BoP),156.746 (per 1 million people)
"파키스탄",0.947 (per 100 people),3.410 (per 1 million people),0.241 (% of total goods exports),4.900 (% total goods imports),13.380 (% of service exports BoP),0.850 (per 100 people),31.666 (per 1 million people),0.305 (% of total goods exports),4.948 (% total goods imports),17.491 (% of service exports BoP),0.929 (per 100 people),115.072 (per 1 million people),0.195 (% of total goods exports),4.686 (% total goods imports),17.445 (% of service exports BoP),109.139 (per 1 million people)
"팔라우",5.750 (per 100 people),169.827 (per 1 million people),1.582 (% of total goods exports),5.071 (% total goods imports),2.212 (% of service exports BoP),-,169.252 (per 1 million people),3.022 (% of total goods exports),2.928 (% total goods imports),-,-,224.618 (per 1 million people),0.844 (% of total goods exports),3.131 (% total goods imports),-,837.661 (per 1 million people)
"파나마",7.965 (per 100 people),306.666 (per 1 million people),7.220 (% of total goods exports),8.091 (% total goods imports),2.406 (% of service exports BoP),10.657 (per 100 people),510.270 (per 1 million people),8.707 (% of total goods exports),9.254 (% total goods imports),2.440 (% of service exports BoP),10.884 (per 100 people),2151.325 (per 1 million people),-,-,2.189 (% of service exports BoP),2141.554 (per 1 million people)
"파푸아뉴기니",0.189 (per 100 people),13.444 (per 1 million people),-,-,3.137 (% of service exports BoP),0.210 (per 100 people),14.870 (per 1 million people),-,-,1.287 (% of service exports BoP),0.218 (per 100 people),31.050 (per 1 million people),-,-,1.950 (% of service exports BoP),49.847 (per 1 million people)
"파라과이",3.327 (per 100 people),40.516 (per 1 million people),0.229 (% of total goods exports),11.531 (% total goods imports),1.622 (% of service exports BoP),3.714 (per 100 people),61.671 (per 1 million people),0.073 (% of total goods exports),15.385 (% total goods imports),1.528 (% of service exports BoP),4.084 (per 100 people),186.834 (per 1 million people),0.072 (% of total goods exports),17.773 (% total goods imports),1.378 (% of service exports BoP),248.416 (per 1 million people)
"페루",6.372 (per 100 people),46.340 (per 1 million people),0.151 (% of total goods exports),9.577 (% total goods imports),2.447 (% of service exports BoP),6.675 (per 100 people),72.528 (per 1 million people),0.097 (% of total goods exports),9.693 (% total goods imports),2.192 (% of service exports BoP),7.182 (per 100 people),218.577 (per 1 million people),0.091 (% of total goods exports),8.863 (% total goods imports),2.111 (% of service exports BoP),257.336 (per 1 million people)
"필리핀",2.851 (per 100 people),20.947 (per 1 million people),42.908 (% of total goods exports),27.475 (% total goods imports),11.908 (% of service exports BoP),2.890 (per 100 people),40.535 (per 1 million people),43.215 (% of total goods exports),23.982 (% total goods imports),17.604 (% of service exports BoP),3.240 (per 100 people),87.846 (per 1 million people),35.866 (% of total goods exports),19.763 (% total goods imports),16.542 (% of service exports BoP),92.853 (per 1 million people)
"폴란드",18.987 (per 100 people),955.842 (per 1 million people),8.116 (% of total goods exports),9.790 (% total goods imports),9.743 (% of service exports BoP),19.171 (per 100 people),2492.488 (per 1 million people),7.140 (% of total goods exports),9.240 (% total goods imports),10.705 (% of service exports BoP),19.992 (per 100 people),6534.934 (per 1 million people),6.917 (% of total goods exports),9.055 (% total goods imports),10.882 (% of service exports BoP),16225.449 (per 1 million people)
"포르투갈",30.160 (per 100 people),901.326 (per 1 million people),2.450 (% of total goods exports),4.933 (% total goods imports),4.809 (% of service exports BoP),32.546 (per 100 people),3180.297 (per 1 million people),3.319 (% of total goods exports),5.507 (% total goods imports),5.004 (% of service exports BoP),34.600 (per 100 people),12464.783 (per 1 million people),3.233 (% of total goods exports),5.677 (% total goods imports),4.714 (% of service exports BoP),15980.529 (per 1 million people)
"푸에르토리코",18.027 (per 100 people),318.441 (per 1 million people),-,-,-,18.716 (per 100 people),419.786 (per 1 million people),-,-,-,18.020 (per 100 people),283.007 (per 1 million people),-,-,-,384.645 (per 1 million people)
"카타르",9.582 (per 100 people),359.744 (per 1 million people),0.076 (% of total goods exports),5.767 (% total goods imports),3.616 (% of service exports BoP),9.873 (per 100 people),362.797 (per 1 million people),0.000 (% of total goods exports),5.459 (% total goods imports),4.180 (% of service exports BoP),9.721 (per 100 people),401.142 (per 1 million people),-,-,3.488 (% of service exports BoP),396.523 (per 1 million people)
"루마니아",21.443 (per 100 people),361.233 (per 1 million people),3.665 (% of total goods exports),7.280 (% total goods imports),16.177 (% of service exports BoP),22.500 (per 100 people),3421.473 (per 1 million people),3.380 (% of total goods exports),7.346 (% total goods imports),18.205 (% of service exports BoP),24.274 (per 100 people),12255.168 (per 1 million people),2.991 (% of total goods exports),7.101 (% total goods imports),19.041 (% of service exports BoP),15938.124 (per 1 million people)
"러시아",18.682 (per 100 people),321.402 (per 1 million people),0.806 (% of total goods exports),9.138 (% total goods imports),7.621 (% of service exports BoP),19.118 (per 100 people),1163.948 (per 1 million people),0.547 (% of total goods exports),8.856 (% total goods imports),7.708 (% of service exports BoP),21.601 (per 100 people),3541.097 (per 1 million people),0.578 (% of total goods exports),9.207 (% total goods imports),8.073 (% of service exports BoP),5190.615 (per 1 million people)
"르완다",0.182 (per 100 people),7.388 (per 1 million people),0.813 (% of total goods exports),9.816 (% total goods imports),2.717 (% of service exports BoP),0.182 (per 100 people),12.769 (per 1 million people),0.998 (% of total goods exports),9.821 (% total goods imports),2.227 (% of service exports BoP),0.178 (per 100 people),18.279 (per 1 million people),-,-,1.863 (% of service exports BoP),36.498 (per 1 million people)
"사모아",1.076 (per 100 people),129.190 (per 1 million people),0.203 (% of total goods exports),3.675 (% total goods imports),6.200 (% of service exports BoP),1.112 (per 100 people),149.073 (per 1 million people),0.133 (% of total goods exports),4.617 (% total goods imports),7.857 (% of service exports BoP),0.861 (per 100 people),296.900 (per 1 million people),0.136 (% of total goods exports),3.381 (% total goods imports),7.951 (% of service exports BoP),535.359 (per 1 million people)
"산마리노",35.319 (per 100 people),3366.194 (per 1 million people),-,-,-,36.141 (per 100 people),4656.160 (per 1 million people),-,-,-,31.437 (per 100 people),18858.959 (per 1 million people),-,-,-,59257.067 (per 1 million people)
"상투메프린시페",0.672 (per 100 people),15.043 (per 1 million people),2.445 (% of total goods exports),4.232 (% total goods imports),2.337 (% of service exports BoP),0.713 (per 100 people),14.762 (per 1 million people),7.091 (% of total goods exports),4.059 (% total goods imports),2.424 (% of service exports BoP),0.724 (per 100 people),38.631 (per 1 million people),1.238 (% of total goods exports),4.212 (% total goods imports),0.285 (% of service exports BoP),56.864 (per 1 million people)
"사우디아라비아",11.297 (per 100 people),89.414 (per 1 million people),0.161 (% of total goods exports),7.769 (% total goods imports),1.743 (% of service exports BoP),10.186 (per 100 people),106.095 (per 1 million people),0.228 (% of total goods exports),6.513 (% total goods imports),1.581 (% of service exports BoP),7.586 (per 100 people),166.802 (per 1 million people),-,-,1.867 (% of service exports BoP),161.573 (per 1 million people)
"세네갈",0.672 (per 100 people),6.311 (per 1 million people),1.045 (% of total goods exports),3.812 (% total goods imports),-,0.638 (per 100 people),7.070 (per 1 million people),0.522 (% of total goods exports),4.400 (% total goods imports),-,0.705 (per 100 people),8.820 (per 1 million people),0.224 (% of total goods exports),4.000 (% total goods imports),-,17.156 (per 1 million people)
"세이셸",14.316 (per 100 people),1006.219 (per 1 million people),0.211 (% of total goods exports),3.307 (% total goods imports),1.460 (% of service exports BoP),14.895 (per 100 people),30947.326 (per 1 million people),0.089 (% of total goods exports),1.912 (% total goods imports),1.352 (% of service exports BoP),16.067 (per 100 people),155191.302 (per 1 million people),0.271 (% of total goods exports),2.335 (% total goods imports),1.272 (% of service exports BoP),264256.630 (per 1 million people)
"시에라리온",-,0.976 (per 1 million people),0.170 (% of total goods exports),4.097 (% total goods imports),53.518 (% of service exports BoP),-,1.501 (per 1 million people),0.080 (% of total goods exports),1.605 (% total goods imports),68.197 (% of service exports BoP),-,1.870 (per 1 million people),0.281 (% of total goods exports),1.820 (% total goods imports),-,-
"싱가포르",26.850 (per 100 people),3585.184 (per 1 million people),33.457 (% of total goods exports),28.013 (% total goods imports),5.937 (% of service exports BoP),25.987 (per 100 people),19060.747 (per 1 million people),32.802 (% of total goods exports),28.098 (% total goods imports),7.412 (% of service exports BoP),25.849 (per 100 people),58690.333 (per 1 million people),32.021 (% of total goods exports),27.880 (% total goods imports),6.552 (% of service exports BoP),84713.858 (per 1 million people)
"슬로바키아",23.419 (per 100 people),1068.439 (per 1 million people),16.649 (% of total goods exports),15.005 (% total goods imports),10.496 (% of service exports BoP),24.550 (per 100 people),3240.776 (per 1 million people),16.524 (% of total goods exports),14.320 (% total goods imports),13.008 (% of service exports BoP),25.786 (per 100 people),6963.667 (per 1 million people),16.348 (% of total goods exports),14.975 (% total goods imports),14.846 (% of service exports BoP),12992.814 (per 1 million people)
"슬로베니아",27.186 (per 100 people),2188.966 (per 1 million people),2.015 (% of total goods exports),4.045 (% total goods imports),8.737 (% of service exports BoP),28.362 (per 100 people),5630.878 (per 1 million people),1.807 (% of total goods exports),3.913 (% total goods imports),8.501 (% of service exports BoP),28.934 (per 100 people),19594.094 (per 1 million people),1.825 (% of total goods exports),3.861 (% total goods imports),7.450 (% of service exports BoP),33122.244 (per 1 million people)
"솔로몬 제도",0.242 (per 100 people),21.555 (per 1 million people),0.001 (% of total goods exports),2.319 (% total goods imports),4.243 (% of service exports BoP),0.273 (per 100 people),37.130 (per 1 million people),0.025 (% of total goods exports),3.830 (% total goods imports),3.583 (% of service exports BoP),0.191 (per 100 people),61.317 (per 1 million people),0.020 (% of total goods exports),3.466 (% total goods imports),1.637 (% of service exports BoP),42.888 (per 1 million people)
"소말리아",0.590 (per 100 people),0.507 (per 1 million people),-,-,-,0.643 (per 100 people),0.775 (per 1 million people),-,-,-,0.665 (per 100 people),25.910 (per 1 million people),-,-,-,4.331 (per 1 million people)
"남아프리카공화국",2.549 (per 100 people),272.757 (per 1 million people),1.424 (% of total goods exports),8.930 (% total goods imports),3.799 (% of service exports BoP),2.054 (per 100 people),917.645 (per 1 million people),1.396 (% of total goods exports),8.617 (% total goods imports),4.008 (% of service exports BoP),1.980 (per 100 people),9430.697 (per 1 million people),1.094 (% of total goods exports),8.109 (% total goods imports),4.216 (% of service exports BoP),12034.277 (per 1 million people)
"스페인",29.189 (per 100 people),889.572 (per 1 million people),1.257 (% of total goods exports),4.979 (% total goods imports),9.182 (% of service exports BoP),30.450 (per 100 people),2762.589 (per 1 million people),1.382 (% of total goods exports),5.066 (% total goods imports),9.249 (% of service exports BoP),31.644 (per 100 people),7247.039 (per 1 million people),1.487 (% of total goods exports),4.858 (% total goods imports),9.051 (% of service exports BoP),11320.667 (per 1 million people)
"스리랑카",3.022 (per 100 people),20.935 (per 1 million people),0.350 (% of total goods exports),4.217 (% total goods imports),12.583 (% of service exports BoP),4.290 (per 100 people),71.075 (per 1 million people),0.391 (% of total goods exports),4.950 (% total goods imports),12.025 (% of service exports BoP),5.846 (per 100 people),305.214 (per 1 million people),0.559 (% of total goods exports),4.734 (% total goods imports),11.929 (% of service exports BoP),412.413 (per 1 million people)
"세인트키츠네비스",30.165 (per 100 people),742.144 (per 1 million people),24.333 (% of total goods exports),7.321 (% total goods imports),1.047 (% of service exports BoP),29.916 (per 100 people),891.041 (per 1 million people),31.062 (% of total goods exports),6.036 (% total goods imports),0.914 (% of service exports BoP),28.910 (per 100 people),3112.691 (per 1 million people),26.471 (% of total goods exports),5.507 (% total goods imports),0.851 (% of service exports BoP),4462.157 (per 1 million people)
"세인트 루시아",16.041 (per 100 people),139.567 (per 1 million people),10.185 (% of total goods exports),5.047 (% total goods imports),1.371 (% of service exports BoP),16.732 (per 100 people),183.309 (per 1 million people),10.934 (% of total goods exports),4.291 (% total goods imports),1.429 (% of service exports BoP),17.770 (per 100 people),193.418 (per 1 million people),-,-,1.401 (% of service exports BoP),252.901 (per 1 million people)
"세인트빈센트그레나딘",15.495 (per 100 people),119.104 (per 1 million people),1.360 (% of total goods exports),4.427 (% total goods imports),3.211 (% of service exports BoP),19.942 (per 100 people),191.853 (per 1 million people),1.782 (% of total goods exports),3.999 (% total goods imports),3.295 (% of service exports BoP),21.998 (per 100 people),163.894 (per 1 million people),0.484 (% of total goods exports),3.597 (% total goods imports),3.384 (% of service exports BoP),90.736 (per 1 million people)
"수단",0.072 (per 100 people),0.721 (per 1 million people),0.005 (% of total goods exports),2.219 (% total goods imports),0.134 (% of service exports BoP),0.066 (per 100 people),1.263 (per 1 million people),-,-,0.727 (% of service exports BoP),0.077 (per 100 people),1.874 (per 1 million people),-,1.649 (% total goods imports),0.038 (% of service exports BoP),4.468 (per 1 million people)
"수리남",9.525 (per 100 people),107.307 (per 1 million people),-,-,5.676 (% of service exports BoP),12.754 (per 100 people),139.851 (per 1 million people),0.094 (% of total goods exports),3.398 (% total goods imports),4.364 (% of service exports BoP),12.641 (per 100 people),201.579 (per 1 million people),0.055 (% of total goods exports),3.961 (% total goods imports),7.909 (% of service exports BoP),291.671 (per 1 million people)
"에스와티니",0.455 (per 100 people),26.267 (per 1 million people),-,-,8.534 (% of service exports BoP),0.521 (per 100 people),26.033 (per 1 million people),-,-,6.175 (% of service exports BoP),0.585 (per 100 people),40.898 (per 1 million people),-,-,5.300 (% of service exports BoP),53.688 (per 1 million people)
"스웨덴",35.809 (per 100 people),4207.901 (per 1 million people),6.953 (% of total goods exports),10.169 (% total goods imports),21.684 (% of service exports BoP),37.405 (per 100 people),6205.933 (per 1 million people),6.782 (% of total goods exports),9.832 (% total goods imports),19.271 (% of service exports BoP),39.012 (per 100 people),13619.120 (per 1 million people),6.065 (% of total goods exports),9.245 (% total goods imports),19.132 (% of service exports BoP),18593.906 (per 1 million people)
"스위스",44.479 (per 100 people),6938.089 (per 1 million people),1.064 (% of total goods exports),4.137 (% total goods imports),12.146 (% of service exports BoP),44.914 (per 100 people),17196.726 (per 1 million people),1.060 (% of total goods exports),3.688 (% total goods imports),11.850 (% of service exports BoP),46.130 (per 100 people),32951.996 (per 1 million people),1.102 (% of total goods exports),3.912 (% total goods imports),11.000 (% of service exports BoP),68137.036 (per 1 million people)
"시리아",3.893 (per 100 people),2.445 (per 1 million people),-,-,-,5.478 (per 100 people),6.302 (per 1 million people),-,-,-,7.789 (per 100 people),13.300 (per 1 million people),-,-,-,19.105 (per 1 million people)
"타지키스탄",0.070 (per 100 people),5.086 (per 1 million people),-,-,5.074 (% of service exports BoP),0.069 (per 100 people),5.887 (per 1 million people),-,-,4.391 (% of service exports BoP),0.067 (per 100 people),20.044 (per 1 million people),-,-,2.129 (% of service exports BoP),27.360 (per 1 million people)
"탄자니아",0.197 (per 100 people),3.283 (per 1 million people),6.068 (% of total goods exports),3.880 (% total goods imports),1.485 (% of service exports BoP),3.326 (per 100 people),5.655 (per 1 million people),0.209 (% of total goods exports),4.228 (% total goods imports),0.806 (% of service exports BoP),3.225 (per 100 people),22.702 (per 1 million people),0.066 (% of total goods exports),3.869 (% total goods imports),0.415 (% of service exports BoP),27.291 (per 1 million people)
"태국",9.073 (per 100 people),69.389 (per 1 million people),16.610 (% of total goods exports),13.874 (% total goods imports),0.802 (% of service exports BoP),10.483 (per 100 people),146.481 (per 1 million people),15.787 (% of total goods exports),14.002 (% total goods imports),0.771 (% of service exports BoP),11.889 (per 100 people),578.285 (per 1 million people),-,-,0.596 (% of service exports BoP),953.859 (per 1 million people)
"티모르",0.083 (per 100 people),9.195 (per 1 million people),-,-,6.121 (% of service exports BoP),0.081 (per 100 people),11.482 (per 1 million people),-,-,3.023 (% of service exports BoP),0.258 (per 100 people),12.065 (per 1 million people),0.257 (% of total goods exports),3.883 (% total goods imports),2.011 (% of service exports BoP),29.180 (per 1 million people)
"토고",0.851 (per 100 people),3.004 (per 1 million people),0.113 (% of total goods exports),3.301 (% total goods imports),3.756 (% of service exports BoP),0.590 (per 100 people),3.462 (per 1 million people),0.442 (% of total goods exports),3.087 (% total goods imports),6.621 (% of service exports BoP),0.587 (per 100 people),4.546 (per 1 million people),0.126 (% of total goods exports),2.665 (% total goods imports),-,7.732 (per 1 million people)
"통가",2.311 (per 100 people),109.148 (per 1 million people),-,-,6.371 (% of service exports BoP),2.801 (per 100 people),138.432 (per 1 million people),-,-,5.140 (% of service exports BoP),2.777 (per 100 people),205.886 (per 1 million people),-,-,9.670 (% of service exports BoP),174.424 (per 1 million people)
"트리니다드토바고",20.478 (per 100 people),269.279 (per 1 million people),0.086 (% of total goods exports),4.326 (% total goods imports),1.337 (% of service exports BoP),18.724 (per 100 people),299.079 (per 1 million people),-,-,1.172 (% of service exports BoP),23.868 (per 100 people),290.447 (per 1 million people),-,-,1.300 (% of service exports BoP),281.324 (per 1 million people)
"튀니지",5.091 (per 100 people),19.141 (per 1 million people),5.413 (% of total goods exports),5.595 (% total goods imports),9.420 (% of service exports BoP),5.615 (per 100 people),92.446 (per 1 million people),6.339 (% of total goods exports),6.215 (% total goods imports),9.933 (% of service exports BoP),6.953 (per 100 people),214.284 (per 1 million people),6.006 (% of total goods exports),5.344 (% total goods imports),9.181 (% of service exports BoP),316.207 (per 1 million people)
"터키",12.143 (per 100 people),363.533 (per 1 million people),1.468 (% of total goods exports),5.671 (% total goods imports),0.449 (% of service exports BoP),13.205 (per 100 people),1301.087 (per 1 million people),1.347 (% of total goods exports),6.738 (% total goods imports),0.418 (% of service exports BoP),14.769 (per 100 people),3351.870 (per 1 million people),1.255 (% of total goods exports),6.173 (% total goods imports),0.734 (% of service exports BoP),4335.134 (per 1 million people)
"투르크메니스탄",0.054 (per 100 people),2.156 (per 1 million people),-,-,-,0.071 (per 100 people),1.943 (per 1 million people),-,-,-,0.087 (per 100 people),4.516 (per 1 million people),-,-,-,5.982 (per 1 million people)
"우간다",0.201 (per 100 people),2.982 (per 1 million people),1.424 (% of total goods exports),5.236 (% total goods imports),3.171 (% of service exports BoP),0.261 (per 100 people),3.935 (per 1 million people),1.019 (% of total goods exports),4.205 (% total goods imports),2.085 (% of service exports BoP),0.340 (per 100 people),20.407 (per 1 million people),0.364 (% of total goods exports),4.066 (% total goods imports),2.385 (% of service exports BoP),20.223 (per 1 million people)
"우크라이나",11.806 (per 100 people),141.804 (per 1 million people),0.825 (% of total goods exports),4.006 (% total goods imports),16.919 (% of service exports BoP),12.217 (per 100 people),1905.470 (per 1 million people),0.946 (% of total goods exports),4.878 (% total goods imports),18.557 (% of service exports BoP),12.554 (per 100 people),3948.261 (per 1 million people),0.932 (% of total goods exports),5.127 (% total goods imports),19.482 (% of service exports BoP),6027.809 (per 1 million people)
"아랍에미리트",13.485 (per 100 people),586.641 (per 1 million people),2.265 (% of total goods exports),4.897 (% total goods imports),-,13.998 (per 100 people),938.684 (per 1 million people),2.062 (% of total goods exports),5.535 (% total goods imports),-,29.381 (per 100 people),1285.100 (per 1 million people),-,-,-,1483.964 (per 1 million people)
"영국",37.749 (per 100 people),4385.414 (per 1 million people),4.101 (% of total goods exports),8.290 (% total goods imports),7.369 (% of service exports BoP),38.678 (per 100 people),8698.545 (per 1 million people),4.502 (% of total goods exports),7.628 (% total goods imports),7.568 (% of service exports BoP),39.305 (per 100 people),21195.885 (per 1 million people),4.250 (% of total goods exports),7.773 (% total goods imports),7.373 (% of service exports BoP),27250.075 (per 1 million people)
"미국",31.948 (per 100 people),6358.802 (per 1 million people),9.439 (% of total goods exports),13.781 (% total goods imports),4.843 (% of service exports BoP),33.002 (per 100 people),11435.112 (per 1 million people),9.663 (% of total goods exports),14.055 (% total goods imports),5.080 (% of service exports BoP),33.853 (per 100 people),30335.701 (per 1 million people),9.485 (% of total goods exports),14.275 (% total goods imports),5.293 (% of service exports BoP),65767.560 (per 1 million people)
"우루과이",26.254 (per 100 people),186.107 (per 1 million people),0.149 (% of total goods exports),6.481 (% total goods imports),6.900 (% of service exports BoP),26.765 (per 100 people),309.860 (per 1 million people),0.112 (% of total goods exports),7.120 (% total goods imports),8.508 (% of service exports BoP),27.573 (per 100 people),1103.692 (per 1 million people),0.127 (% of total goods exports),8.005 (% total goods imports),7.553 (% of service exports BoP),1574.813 (per 1 million people)
"우즈베키스탄",5.772 (per 100 people),5.655 (per 1 million people),-,-,-,8.733 (per 100 people),69.738 (per 1 million people),-,-,-,10.405 (per 100 people),202.170 (per 1 million people),-,-,-,278.953 (per 1 million people)
"바누아투",1.624 (per 100 people),125.401 (per 1 million people),-,-,2.578 (% of service exports BoP),1.659 (per 100 people),165.271 (per 1 million people),-,-,-,1.645 (per 100 people),178.628 (per 1 million people),-,-,-,198.169 (per 1 million people)
"베네수엘라",8.281 (per 100 people),21.442 (per 1 million people),-,-,5.749 (% of service exports BoP),8.275 (per 100 people),148.126 (per 1 million people),-,-,4.981 (% of service exports BoP),8.155 (per 100 people),293.497 (per 1 million people),-,-,-,275.578 (per 1 million people)
"베트남",8.184 (per 100 people),32.727 (per 1 million people),29.370 (% of total goods exports),21.130 (% total goods imports),-,9.611 (per 100 people),278.709 (per 1 million people),31.240 (% of total goods exports),22.588 (% total goods imports),-,11.796 (per 100 people),1348.716 (per 1 million people),-,-,-,1769.471 (per 1 million people)
"예멘",1.468 (per 100 people),1.396 (per 1 million people),0.076 (% of total goods exports),1.132 (% total goods imports),17.062 (% of service exports BoP),1.560 (per 100 people),1.436 (per 1 million people),-,-,25.363 (% of service exports BoP),1.660 (per 100 people),3.377 (per 1 million people),-,-,-,3.755 (per 1 million people)
"잠비아",0.145 (per 100 people),5.668 (per 1 million people),0.471 (% of total goods exports),2.614 (% total goods imports),3.824 (% of service exports BoP),0.192 (per 100 people),8.861 (per 1 million people),-,-,3.946 (% of service exports BoP),0.210 (per 100 people),42.365 (per 1 million people),0.397 (% of total goods exports),3.091 (% total goods imports),4.280 (% of service exports BoP),41.206 (per 1 million people)
"짐바브웨",1.039 (per 100 people),11.727 (per 1 million people),0.058 (% of total goods exports),4.884 (% total goods imports),0.683 (% of service exports BoP),1.058 (per 100 people),13.827 (per 1 million people),0.081 (% of total goods exports),3.729 (% total goods imports),0.696 (% of service exports BoP),1.133 (per 100 people),30.555 (per 1 million people),-,-,3.307 (% of service exports BoP),46.610 (per 1 million people)
